"TopGene","DensityIndex"
50,1.87565555236841
50,1.76609774996592
50,1.6454117060517
50,1.87438293503461
50,1.83525411573696
50,1.98222141135101
50,1.83128148469595
50,1.86032535622208
50,1.84980166698739
50,1.96748820651598
50,1.89329976265618
50,2.14980666462242
50,1.89889292652755
50,1.95351655316106
50,1.84657907950935
50,1.94171994067027
50,1.81947136290563
50,2.1282759589199
50,1.90573395851271
50,1.92736779950716
50,1.81214126099681
50,2.06255292107044
50,1.85159385530317
50,1.7848053111572
50,1.90298474514508
50,1.94054031168108
50,1.74547301279056
50,1.74102357443024
50,1.84633182976423
50,1.92307136973671
50,1.59809185690445
50,1.72522683545229
50,1.86506295509831
50,1.82740621843434
50,1.88478247023573
50,1.79282537786083
50,1.62970435435793
50,1.67899052309271
50,1.90997050854261
50,1.71459654671662
50,1.83928788546631
50,1.80280937933986
50,1.85269728853795
50,2.06954758468959
50,1.91556031051458
50,1.90787781964709
50,1.76787655441128
50,1.79624518101668
50,1.68612401707853
50,1.8122077904573
50,1.77187181906309
50,2.0199795212737
50,1.82019418007335
50,2.19598658345174
50,1.74133716255783
50,1.87345194931037
50,1.84852199541721
50,1.94544129684186
50,1.79746327654379
50,1.888365091903
50,1.92474211331098
50,1.87989961780092
50,1.97996863287955
50,1.81547946097231
50,1.75597048693154
50,1.83188269608285
50,1.83217021920006
50,1.93538956619926
50,1.79147379579414
50,1.91036950706993
50,1.70431505700319
50,2.00043884781494
50,1.92973600378351
50,1.90831850618579
50,2.13669069317004
50,2.00625710554301
50,1.80024295094131
50,2.07219047470765
50,2.0560727374586
50,1.75863645247604
50,1.88810263031211
50,1.91709242395507
50,2.02174096101625
50,2.032280927496
50,2.02944920794888
50,1.77737770819161
50,1.63867329502798
50,1.99218421171663
50,1.76705367185868
50,2.03045070312853
50,1.87103390543814
50,2.03270766034356
50,1.99529812459523
50,1.94858113243955
50,1.95973651870997
50,1.91670391447595
50,1.74705062368743
50,1.96038704059849
50,1.96464592333887
50,2.00021221918552
60,1.80416145699663
60,1.87364937265836
60,1.67622341254923
60,1.94131082602794
60,1.77856061495506
60,1.82581337059893
60,1.99405525769287
60,1.8493037791903
60,1.94095989933421
60,1.74328126575077
60,1.81679146307295
60,1.74303657568841
60,1.83863377986222
60,1.85835235858722
60,1.91709093042023
60,1.91253879426297
60,1.8620362414682
60,1.81816194521724
60,1.62171293739539
60,1.68811721247166
60,1.8278095993591
60,1.9147438937688
60,1.68343728019941
60,2.00229868472239
60,1.68974969336167
60,1.67222864022977
60,1.64729959137848
60,1.82308684076846
60,1.78777312231827
60,1.72477772466401
60,1.79407670563445
60,1.64836491927389
60,1.76165758062971
60,1.89820202055134
60,1.72126123604128
60,1.72536549082079
60,1.70801070828367
60,1.76890829156434
60,1.83195739126561
60,1.7318514158022
60,1.85115566300238
60,1.68868244206706
60,1.86752527190826
60,1.74619568113163
60,1.8840668668126
60,1.88142585835483
60,1.61717937095995
60,1.64903028225015
60,1.73209662409521
60,1.73963866701251
60,1.73002245614657
60,1.82791234407108
60,1.76962219623439
60,1.63854748939712
60,1.7388291824392
60,1.66782138067432
60,1.76949442261088
60,1.7028326736993
60,1.86653878692339
60,1.79334673062386
60,1.81446507155711
60,1.72669000750696
60,1.69419736019903
60,1.70855793205795
60,1.73758055102578
60,2.07248323694775
60,1.89502456588789
60,1.82749690503731
60,1.64339152600503
60,1.81478480512391
60,1.61526914679072
60,1.73871331818745
60,2.08426702783394
60,1.98197943635837
60,1.79090684515319
60,1.7844791829443
60,1.67827761007488
60,1.74702393402469
60,1.78073594343459
60,1.82510510411925
60,1.69559167651525
60,1.56027917403201
60,1.76876984462036
60,1.63029200097238
60,1.74879198841162
60,1.5809734232869
60,1.89455131751701
60,1.74319600780936
60,1.80131753166222
60,1.81356704151863
60,1.87599674641251
60,1.64382821439587
60,1.81714547232623
60,1.78990733995788
60,1.73017504898866
60,1.8262408694695
60,1.88781538816932
60,1.7472544300995
60,1.79559485083796
60,1.83208681165341
70,1.83575611910872
70,1.73615004336833
70,1.62655663265146
70,1.73438588769794
70,1.71027251163258
70,1.60892870611826
70,1.70522529751856
70,1.61493729314672
70,1.62102702351908
70,1.73340648984283
70,1.70347542033062
70,1.70834461276551
70,1.64232189719337
70,1.63062849617879
70,1.80779270442878
70,1.64693621974858
70,1.62895764067255
70,1.72879347038076
70,1.75274957714461
70,1.62830510176293
70,1.62425321317988
70,1.68114595492753
70,1.76558606856028
70,1.76358561074188
70,1.66032716099625
70,1.7655987358585
70,1.60593382417743
70,1.75673604333062
70,1.69103017932636
70,1.69634961510633
70,1.63939935145831
70,1.80083227984171
70,1.69913819727982
70,1.60356879655351
70,1.62200628235238
70,1.58820234971787
70,1.75471108079139
70,1.91032229034818
70,1.71078204126177
70,1.68206852911654
70,1.8030529049223
70,1.75756794317244
70,1.71423973897432
70,1.62045848226545
70,1.74783823912147
70,1.81971600774728
70,1.74120493827618
70,1.64359674480092
70,1.6154921440576
70,1.68650897776576
70,1.79095111157668
70,1.80965821013886
70,1.68737291376405
70,1.64220957337534
70,1.67148466782995
70,1.74072101415702
70,1.83988282478497
70,1.69326010319583
70,1.81261729339594
70,1.68070321829528
70,1.66261465375172
70,1.76796348466129
70,1.71017883543454
70,1.72328245921286
70,1.69863277655541
70,1.69369596898656
70,1.75464879851628
70,1.73620757370849
70,1.80641906588939
70,1.60358087573705
70,1.63102799402219
70,1.7513742207955
70,1.69092178533006
70,1.67171353645638
70,1.76547267055026
70,1.59457605742077
70,1.68510753109107
70,1.72148070153786
70,1.69300650258675
70,1.67463575222279
70,1.70982471919275
70,1.70379121830986
70,1.59745999968423
70,1.79025718508627
70,1.67589105670127
70,1.75776830985221
70,1.91403700791541
70,1.78635186458503
70,1.73990458127135
70,1.75639920295581
70,1.7449628256264
70,1.92142929467171
70,1.69944426725781
70,1.74792345873665
70,1.68238080647648
70,1.75589068511813
70,1.60782986893775
70,1.80009434538433
70,1.71498434669601
70,1.68568173820698
80,1.56016694534196
80,1.68454150152505
80,1.68424776475331
80,1.61230020511561
80,1.78289294798732
80,1.66353580616914
80,1.7529594253334
80,1.6504007650782
80,1.673334405702
80,1.70020576018508
80,1.65628508343305
80,1.5715981282576
80,1.59981668015723
80,1.56069869126847
80,1.77896964177573
80,1.73210927752324
80,1.60886844178585
80,1.69959187179652
80,1.62190867065382
80,1.6355162948636
80,1.76583554944864
80,1.72744666576456
80,1.56877888799601
80,1.79667253702565
80,1.6563072991466
80,1.67379780685116
80,1.7253670198852
80,1.6145888520456
80,1.72432631317681
80,1.73200176423152
80,1.75546230960976
80,1.58172356017683
80,1.70042691484803
80,1.74267087187378
80,1.69239646137613
80,1.68710817678415
80,1.72168077021182
80,1.64460198863843
80,1.66031666722899
80,1.63521465909331
80,1.56754163705569
80,1.66660095960498
80,1.67773713893683
80,1.58468955011806
80,1.58798650486381
80,1.65253639489984
80,1.65409827908222
80,1.63288811729397
80,1.64878792629761
80,1.71828605571202
80,1.66526377975671
80,1.85381413137408
80,1.7071594439699
80,1.61338295501298
80,1.69045940601631
80,1.6285239780801
80,1.60815210113084
80,1.71640466262908
80,1.62316871233461
80,1.72020644088432
80,1.62631510151856
80,1.68508331393866
80,1.59547092285239
80,1.68756555722717
80,1.65082851556279
80,1.62597495650123
80,1.68766935099775
80,1.64497683836715
80,1.56824865973115
80,1.65009307070388
80,1.71334621207052
80,1.76279908787446
80,1.66853251572599
80,1.64738498189064
80,1.73819271892458
80,1.58170920346841
80,1.69945761950431
80,1.74304901488118
80,1.63875947589127
80,1.60736736852446
80,1.67561040498937
80,1.63926394739962
80,1.69721462460547
80,1.66594677988126
80,1.60537707827027
80,1.66570329849798
80,1.61182154524665
80,1.71655306674792
80,1.59427470686187
80,1.65639879629464
80,1.71765712151517
80,1.71960814282852
80,1.6514386224355
80,1.70093083015212
80,1.74262214039268
80,1.80161972874935
80,1.582239030884
80,1.58433293868922
80,1.68089910762396
80,1.69719070842228
90,1.6437983724523
90,1.63249897945385
90,1.63128789441644
90,1.63034767546857
90,1.67823014314397
90,1.66162830497472
90,1.7513150243413
90,1.63660976774515
90,1.65189021090079
90,1.70518294164532
90,1.63121276478536
90,1.69671764674952
90,1.58719518645129
90,1.58820239010795
90,1.6805889866538
90,1.6912224290801
90,1.59321503355614
90,1.72305394756062
90,1.653978833491
90,1.67028402878462
90,1.60543209004193
90,1.61130055883209
90,1.7102942827338
90,1.70755698622714
90,1.63477057171908
90,1.63023022241853
90,1.83386787928257
90,1.67448148388012
90,1.60242079972448
90,1.6482774569876
90,1.59676601052847
90,1.65902385972207
90,1.67363575253767
90,1.5817472968269
90,1.58156591628801
90,1.59489663065992
90,1.61379118343736
90,1.67001746771267
90,1.81260180005597
90,1.70965863827711
90,1.67636345864294
90,1.60694111675112
90,1.64307154297866
90,1.73104920493848
90,1.6412773581286
90,1.65453826543101
90,1.72078909951808
90,1.65813206964147
90,1.70510118809439
90,1.63909873780086
90,1.64917185748536
90,1.65155071042662
90,1.63748642872364
90,1.66514167280305
90,1.72726636506992
90,1.63184569100891
90,1.56274902438367
90,1.60329295810125
90,1.65369987227335
90,1.63890171355126
90,1.66083451522537
90,1.60538286509567
90,1.62508207497105
90,1.60213902566217
90,1.59473740375177
90,1.56825007392051
90,1.66939233680645
90,1.70943145535706
90,1.51500896323915
90,1.54902693875137
90,1.58566892034879
90,1.60897978465573
90,1.78978441128124
90,1.58350707418285
90,1.62515435089401
90,1.53804190130022
90,1.71047873062618
90,1.63727267000636
90,1.66485371561059
90,1.59517218249233
90,1.62021005403937
90,1.66225186115766
90,1.65093157197291
90,1.55833397442303
90,1.61115956540075
90,1.62712085808035
90,1.67081980817048
90,1.65961208981595
90,1.60215582884934
90,1.59975066715492
90,1.72686650474841
90,1.59677813467032
90,1.6912670805543
90,1.67895840815803
90,1.71368753053531
90,1.71378919889834
90,1.645240406532
90,1.68370681968856
90,1.67711468748695
90,1.61061102698225
100,1.5740497151595
100,1.63258298388352
100,1.58259208503376
100,1.66681139353013
100,1.72134724037378
100,1.61662570788146
100,1.62719377096551
100,1.53674339264606
100,1.66018996606945
100,1.59257796079095
100,1.61078192821647
100,1.71022664872428
100,1.55851196679507
100,1.62824963288587
100,1.59395472723658
100,1.55706497591193
100,1.67421254433419
100,1.56779346799862
100,1.63330754650903
100,1.6223113799202
100,1.55714631934517
100,1.57372626757057
100,1.68772026162532
100,1.58024836692138
100,1.59779787197005
100,1.64196343981198
100,1.7062476853249
100,1.65101175152971
100,1.67727917898751
100,1.59865796898507
100,1.58292877627943
100,1.67938238939673
100,1.62655311475289
100,1.56778694226266
100,1.74645373282512
100,1.62931505751714
100,1.61210343449762
100,1.68380994268822
100,1.65611816153955
100,1.61316812604421
100,1.6392261885042
100,1.58106087384866
100,1.72348868567481
100,1.51126898211223
100,1.60501752406061
100,1.6037102329472
100,1.59521254557281
100,1.60453787278826
100,1.6176963152945
100,1.6662860778741
100,1.65664841994186
100,1.58030808206907
100,1.5771018086347
100,1.74360025538823
100,1.76624735585402
100,1.57336761826054
100,1.58966867104141
100,1.64457024840606
100,1.53245068834006
100,1.63504861147206
100,1.57429459563201
100,1.66759175243068
100,1.6539935742887
100,1.54611563555981
100,1.58708121618065
100,1.59797060157599
100,1.59486760165477
100,1.61771209575981
100,1.65773397824476
100,1.56332784109002
100,1.61674164157065
100,1.59873352215289
100,1.60426759770812
100,1.60063124367598
100,1.57428374959327
100,1.61680177801389
100,1.62968505989873
100,1.63081158893183
100,1.60507381646677
100,1.6114496856964
100,1.65005833044912
100,1.63039261254522
100,1.5730911383402
100,1.65283279073048
100,1.6098621076541
100,1.68248264757433
100,1.65478492730741
100,1.57508323651142
100,1.61386432338465
100,1.57012089397244
100,1.65288961072921
100,1.58322769221056
100,1.59869335474855
100,1.65913662890476
100,1.7046319718827
100,1.62628830186171
100,1.65898168703251
100,1.65557941399421
100,1.62705798831655
100,1.56217657254028
200,1.65032775638455
200,1.6412242345562
200,1.64428899932371
200,1.6414895806049
200,1.63736730858891
200,1.62206988600039
200,1.6520752625427
200,1.72451715904887
200,1.64125528283925
200,1.64341047956353
200,1.66158444946081
200,1.6501240059332
200,1.62907458855013
200,1.70110456923357
200,1.71670052656271
200,1.72834792986448
200,1.65959940559091
200,1.65200599164825
200,1.63666901634562
200,1.67873372035295
200,1.65358708973202
200,1.58747825519017
200,1.61816975487232
200,1.65399707491427
200,1.58170393103957
200,1.67693994181205
200,1.62316375922395
200,1.57668116403914
200,1.71157008088313
200,1.68523594225606
200,1.60959882091655
200,1.69654970036408
200,1.66216581684937
200,1.68471223789377
200,1.66752250413218
200,1.69734842209602
200,1.65966489540729
200,1.63920694591993
200,1.62196444926863
200,1.69712707184822
200,1.70003001375218
200,1.57684404146478
200,1.59805682370512
200,1.63803704895747
200,1.6593621590527
200,1.71581263069694
200,1.60991648429761
200,1.68247478267269
200,1.58818343602344
200,1.57598325735752
200,1.61187338754037
200,1.72045276745571
200,1.62337164262985
200,1.65170907622177
200,1.61363889637523
200,1.66695032141483
200,1.68610425171344
200,1.62030617154999
200,1.63690053024723
200,1.65080951581993
200,1.64577511984376
200,1.70444349232172
200,1.66851744039008
200,1.63797869001908
200,1.63044631454387
200,1.70714403371689
200,1.65699560349937
200,1.63790921993188
200,1.58902809564684
200,1.66587707714056
200,1.65807804696697
200,1.68772731531907
200,1.63755736587554
200,1.76526503948613
200,1.65289201786814
200,1.64914553116396
200,1.60702574277146
200,1.64083836384776
200,1.6589286125498
200,1.73527883722131
200,1.67437392644868
200,1.67501149520598
200,1.66790759602976
200,1.68351213781159
200,1.68267324473156
200,1.62983529959215
200,1.59278401313591
200,1.67192767713912
200,1.61314069932623
200,1.66611387956128
200,1.61740656034373
200,1.70781197973237
200,1.60761827670613
200,1.6107924718118
200,1.66490576249098
200,1.62770054059209
200,1.61071515192616
200,1.63760272673134
200,1.6900752974008
200,1.63117787006074
300,1.75707886931958
300,1.7678383385467
300,1.80913119575281
300,1.72704655164811
300,1.77365438537454
300,1.69748991021806
300,1.80037605529332
300,1.7242950976024
300,1.7865549163476
300,1.75492276709209
300,1.72586707093379
300,1.80076251578058
300,1.82984784010838
300,1.62518648514489
300,1.78326365405392
300,1.77466750146789
300,1.80419005015487
300,1.80932363245169
300,1.74644804694315
300,1.79673269230545
300,1.6863882545972
300,1.73075519075864
300,1.74017697211126
300,1.74980746193931
300,1.71730495744731
300,1.77655010094944
300,1.83416521100568
300,1.73998694215316
300,1.74601058051964
300,1.76595771892852
300,1.7787428566693
300,1.7994323766455
300,1.77362077542658
300,1.76665019877107
300,1.73106224142021
300,1.7830264816999
300,1.72051922535624
300,1.77468748012928
300,1.74943749865862
300,1.69264072404383
300,1.71555482651081
300,1.73486463825819
300,1.74601571159139
300,1.7839437868061
300,1.77349236793582
300,1.72581585488583
300,1.7831009526742
300,1.8085570296942
300,1.72399976080591
300,1.78677655887572
300,1.85455872037787
300,1.76818885446685
300,1.82344424455172
300,1.7875736692128
300,1.74148977089024
300,1.71732426193996
300,1.79411813776071
300,1.73757211137993
300,1.77830085063779
300,1.7540499220528
300,1.77385181506801
300,1.76290454642815
300,1.76425034638821
300,1.76846269941006
300,1.68773749030664
300,1.74654381842203
300,1.8165288422293
300,1.73344578018294
300,1.70820453422749
300,1.79661144361871
300,1.78284530651861
300,1.79960363428012
300,1.76017728344022
300,1.65771085155291
300,1.74329576394841
300,1.77396899390723
300,1.69400924406796
300,1.74464818853191
300,1.73740871620577
300,1.76788117666407
300,1.78577027161932
300,1.74186075259786
300,1.8327595196683
300,1.73407938210915
300,1.7557499315332
300,1.71641255044668
300,1.70833288193021
300,1.79720637080063
300,1.69458730510944
300,1.88098694056773
300,1.75012964955286
300,1.72047247617032
300,1.76068743714739
300,1.75418293256204
300,1.71639899380886
300,1.75578637921449
300,1.67733973297251
300,1.72433783154152
300,1.73948334729821
300,1.82332887392393
400,1.91117034715208
400,1.86105188503707
400,1.84925039269927
400,1.87423064540678
400,1.89868112968652
400,1.90548422533044
400,1.91951920182199
400,1.83907355415431
400,1.91814907196952
400,1.8171478805348
400,1.98498750751178
400,1.81080148719933
400,1.86693562716798
400,1.87381784217538
400,1.9762893755991
400,1.86660826616942
400,1.9106481509264
400,1.92765920623927
400,1.86872345922954
400,1.84719688928901
400,1.91342394997996
400,1.88001737265138
400,1.86405488683311
400,1.8584987415245
400,1.84807065284385
400,1.86543981809388
400,1.84039475057866
400,1.89483161114936
400,1.88621090805261
400,1.84070768064619
400,1.90761674874556
400,1.89278180290827
400,1.88469458448032
400,1.85842075735352
400,1.81986577433381
400,1.89464107065319
400,1.91055539498611
400,1.87834795267874
400,1.91976091781405
400,1.84458975071398
400,1.85360790073856
400,1.86401536666067
400,1.73701054365043
400,1.81114412309501
400,1.8981154466761
400,1.76100330312804
400,1.81715773971713
400,1.88748152877056
400,1.94218295053618
400,1.87594609273358
400,1.88598758131469
400,1.84223545301633
400,1.79706174483285
400,1.80632812874851
400,1.86405835671381
400,1.88858956660188
400,1.82631165298375
400,1.88826530970108
400,1.85094450648676
400,1.92769801327073
400,1.89508488919955
400,1.84165130371664
400,1.85409398586412
400,1.82644642484932
400,1.89578951828412
400,1.84432218812181
400,1.85553127273494
400,1.86001415733853
400,1.96959421382309
400,1.87151150814885
400,1.83576039477548
400,1.99837892262788
400,1.77598506194598
400,1.90438810765201
400,1.87183767854592
400,1.87384839252898
400,1.8433095697745
400,1.81458597785059
400,1.85740728304684
400,1.8308224225066
400,1.91642874052227
400,1.8764892268146
400,1.89908537501228
400,1.81562446521669
400,1.76771112263239
400,1.92457709001569
400,1.78922521953071
400,1.84338293839115
400,1.87785177035478
400,1.9251777533347
400,1.85026943717248
400,1.87607101788338
400,1.8372237705043
400,1.9202085627467
400,1.88375994683774
400,1.88178457186005
400,1.80053557072555
400,1.81273489226084
400,1.89431681121984
400,1.86522439902515
500,1.98322090102361
500,1.9764293566342
500,1.9718535504105
500,1.96135472174865
500,1.91928297824749
500,1.92412469835349
500,1.89942965296365
500,2.00698763225782
500,1.99462088947492
500,2.08113466877484
500,1.97848271766565
500,1.89989202906442
500,1.94752197102565
500,1.90757719498719
500,1.92699193826188
500,1.98835360734571
500,2.02384388151486
500,2.03892187317448
500,1.99239623517971
500,1.92389636564769
500,2.0107642888797
500,1.94654679528351
500,1.98102022650317
500,2.06127587043529
500,1.97069572485361
500,2.00239248770043
500,1.89441043625749
500,1.9103188249065
500,1.9540568300303
500,1.9611684058524
500,2.06323447089711
500,2.04350994808454
500,2.04853073367037
500,1.89586988000166
500,1.94427165088036
500,1.91827541471392
500,1.99735717483067
500,1.93951991378636
500,1.95813156377711
500,1.92585179024734
500,1.97865989703919
500,1.94033630927309
500,1.88494232239425
500,1.91870630942114
500,1.94383574453167
500,1.92519640604264
500,1.91318658784842
500,1.94089657061178
500,2.01490249125369
500,2.05788874068866
500,1.94903252969544
500,1.94825064127432
500,1.99670812741424
500,1.95193629335545
500,1.99111661312557
500,1.989697560831
500,1.917245866633
500,1.94943064168144
500,2.06248351095836
500,2.04898895800125
500,1.98273210793045
500,1.95722738641946
500,1.94532029745686
500,1.89868712354749
500,1.98086330086406
500,1.97774519585556
500,1.94124401195938
500,2.02717815940982
500,2.00325046266733
500,2.02909511333191
500,1.9758829103013
500,2.02144094337764
500,1.95256721597683
500,2.02699570833528
500,1.97915950858356
500,2.00164347368121
500,1.87690698779156
500,1.91642401834777
500,1.96529723416807
500,1.98626255016311
500,1.99167746185558
500,1.98733097338188
500,1.94480814777301
500,1.97692063942263
500,1.954319978037
500,2.02676620556935
500,1.9343766200985
500,1.96934081782546
500,1.9475821732864
500,1.94942513465761
500,1.96350948957036
500,1.93083339188899
500,1.89111247237601
500,1.94028614199414
500,1.88042523773538
500,1.99774244756529
500,1.91066151973455
500,2.02115666648258
500,2.00081892984119
500,1.96745576140855
600,2.08168469895248
600,2.19932880780357
600,2.03029636082125
600,2.01649944809414
600,2.10808200616512
600,1.97092094891282
600,2.02180807787722
600,2.03516164112822
600,2.13431070682573
600,2.11277329053984
600,2.01787338086798
600,2.02838864925287
600,2.08570820290823
600,2.10993457898555
600,2.10326274855743
600,2.03927503187008
600,2.09549841460622
600,2.10696228664291
600,2.04061509508231
600,2.02697155594533
600,2.06836499878201
600,1.98510596609067
600,2.08105082684893
600,2.09221738424153
600,2.11541685074491
600,2.03045211468969
600,2.16481289038826
600,2.00664685147981
600,2.01957263850361
600,2.11326211034839
600,2.07355130781342
600,1.99276252668689
600,2.08272810609393
600,2.05310868935749
600,2.10671948906094
600,2.03406271758559
600,1.98964544203644
600,2.16785004110976
600,2.08450866620395
600,2.14667220434297
600,2.16153702562009
600,2.08704038145326
600,2.01799364871635
600,2.13227890080102
600,2.02692478637684
600,2.05149971482298
600,2.02663812098315
600,2.10071036925877
600,1.99759798227135
600,2.10932862630278
600,2.05837931803772
600,2.06040434274767
600,2.11226175346992
600,2.09204118679973
600,2.05973398935092
600,2.15071102867355
600,2.02727273154665
600,2.08112294944191
600,2.17156209188607
600,2.06601864738433
600,2.05445592989391
600,1.99160025460416
600,2.07349522824238
600,2.09319014127429
600,2.03045283442611
600,2.05348558136274
600,2.04842112213422
600,2.0388652532834
600,2.05685836434738
600,2.09718138975353
600,2.07377932241477
600,2.07563131911307
600,2.12134437832631
600,1.98817687896148
600,1.99947846719839
600,2.04601089071369
600,2.00614919897656
600,2.06958734023956
600,2.05973769474194
600,2.13726191594079
600,2.11790098654765
600,2.04636701420512
600,2.07664597314489
600,2.10123926953236
600,2.09126231547982
600,2.1052829636159
600,2.0153438320109
600,2.03375040427967
600,2.04867620850541
600,2.05713973435871
600,2.11013302419679
600,2.07195487929907
600,2.1319357011813
600,2.03706207092551
600,2.01956255604124
600,2.21934993784393
600,2.07527680988181
600,2.00621695935158
600,2.11478945477243
600,2.04288827715157
700,2.04493811083361
700,2.11225802106654
700,2.11036555060655
700,2.30158217205593
700,2.11732966848407
700,2.18953188378976
700,2.15029800087141
700,2.17150407319733
700,2.28073245211896
700,2.24792108275596
700,2.14583034972712
700,2.13985869314175
700,2.21641084141465
700,2.22517020622112
700,2.18467961761786
700,2.14103921333971
700,2.2233785770128
700,2.28438113284894
700,2.20835439362222
700,2.08640505708614
700,2.18013316951771
700,2.10610547895338
700,2.05879319717426
700,2.21809103938371
700,2.12466957168847
700,2.16898182528581
700,2.1447282510864
700,2.1742311603277
700,2.20224942968579
700,2.14028045569638
700,2.23586319278348
700,2.18149562613854
700,2.06498438742321
700,2.13029101760644
700,2.24962494167075
700,2.06282674289462
700,2.1748695410058
700,2.22253764251003
700,2.25293376184733
700,2.23655184284731
700,2.11792102465907
700,2.21252338982195
700,2.19768453548822
700,2.10415768608183
700,2.09765002520112
700,2.19570537120173
700,2.22294229385488
700,2.19112011852501
700,2.25422064353831
700,2.23718173348943
700,2.11443557987726
700,2.12252620651021
700,2.1999474933981
700,2.17631879195753
700,2.12290055253293
700,2.2124994009078
700,2.19601345426292
700,2.23372619133947
700,2.16628103134063
700,2.07291653407476
700,2.10605808866879
700,2.22306360380572
700,2.15000016649569
700,2.20842522184071
700,2.26201452868849
700,2.19195697919319
700,2.16664211485331
700,2.16849096535702
700,2.2446533900065
700,2.22712210103894
700,2.18898526174757
700,2.14434042315544
700,2.08052603220127
700,2.18346443825999
700,2.17166238266304
700,2.1116304267083
700,2.19717653077886
700,2.16652627191681
700,2.20977090101341
700,2.14702986233076
700,2.23882905891503
700,2.20016781518384
700,2.14752396261186
700,2.24612956020083
700,2.13105627388511
700,2.17097505207297
700,2.21147016666685
700,2.15797993691746
700,2.20042078647262
700,2.17486474036464
700,2.07250167665479
700,2.21643013036929
700,2.23404714130624
700,2.24412080138543
700,2.18848396372857
700,2.170080445578
700,2.11810679450873
700,2.1654028348861
700,2.13072793264755
700,2.17567018597153
800,2.26156884362413
800,2.33096801009809
800,2.20096597009205
800,2.26554327516164
800,2.24433864898989
800,2.27001440449745
800,2.19813408782972
800,2.15854306909465
800,2.25546813912754
800,2.19495725433639
800,2.30184611567108
800,2.23064993870005
800,2.3680309600167
800,2.34263585171985
800,2.24456068731971
800,2.31857673158739
800,2.18962468571184
800,2.34679534974446
800,2.23022440724512
800,2.22384546571872
800,2.35168378999471
800,2.2468196732946
800,2.36646094341204
800,2.19896692268008
800,2.28114989438338
800,2.25909022497241
800,2.182277900512
800,2.11350671412851
800,2.21207277851452
800,2.27231637454003
800,2.19380162182258
800,2.22535892936162
800,2.36587976907172
800,2.27889797385374
800,2.2955825284409
800,2.31592079127741
800,2.29020839763949
800,2.21675328178148
800,2.25058800421729
800,2.31584888078184
800,2.2500743746784
800,2.23913225628308
800,2.2525055739523
800,2.25094682508657
800,2.25638896662552
800,2.16795303972394
800,2.17915895397957
800,2.23756692574993
800,2.22044304956285
800,2.23283985966616
800,2.33032414038386
800,2.19783124755232
800,2.24070213116178
800,2.27504021932164
800,2.24668796556979
800,2.29757114777474
800,2.22023724621935
800,2.19724144038837
800,2.29222366722817
800,2.20882188882844
800,2.17905969325154
800,2.18484539100337
800,2.31390157245319
800,2.29735726104634
800,2.23497118294502
800,2.2215419448581
800,2.28417496591402
800,2.30756441624588
800,2.32096031503268
800,2.30413445271005
800,2.21825406994821
800,2.2460850097591
800,2.30089070703123
800,2.23707632584006
800,2.33286226513225
800,2.24750043133944
800,2.27987669003741
800,2.25229582856828
800,2.16021877569695
800,2.2564876538917
800,2.31643418817165
800,2.17212653262711
800,2.27452966417021
800,2.18168207031217
800,2.30554568086585
800,2.20391718765395
800,2.23805768247743
800,2.29171992760459
800,2.19014739436377
800,2.28230411507626
800,2.2425642867113
800,2.25718547513186
800,2.27165413860438
800,2.2146772434242
800,2.26871432561465
800,2.2809089324712
800,2.20776188661989
800,2.18994796899475
800,2.2016234259836
800,2.24660115291976
900,2.28323457355504
900,2.35891167358087
900,2.32899079449734
900,2.45187666198444
900,2.30515965271831
900,2.32802081519884
900,2.31109534411997
900,2.31052559958261
900,2.34294626982373
900,2.26832931773096
900,2.29109759167554
900,2.31798320204916
900,2.38649905384497
900,2.34531493140638
900,2.28455536589098
900,2.30555776466743
900,2.35711356920364
900,2.35268523146541
900,2.32307691969692
900,2.39876246241943
900,2.3594342179536
900,2.29016726902325
900,2.35169722751407
900,2.42550920072166
900,2.34264632046973
900,2.33994262193704
900,2.31507441843624
900,2.37980064441796
900,2.3130301433774
900,2.31489062021227
900,2.28481638137288
900,2.34145953943027
900,2.29237881430643
900,2.30133078675038
900,2.33545495921702
900,2.30814768295577
900,2.29375556458966
900,2.40528440442248
900,2.33199367351665
900,2.36044011948964
900,2.26397379784117
900,2.31349108678623
900,2.26578271158964
900,2.3618972878206
900,2.36387124403542
900,2.42126182048464
900,2.35835988740039
900,2.27726940039188
900,2.27606778229732
900,2.31862503192307
900,2.35485423916225
900,2.36680198435704
900,2.36985049121923
900,2.3037407734397
900,2.42324381051011
900,2.25828726308671
900,2.42281501664589
900,2.34156399193699
900,2.29083180398757
900,2.3124798459183
900,2.3854470887851
900,2.36793119286525
900,2.30227155060571
900,2.29395733883369
900,2.3961911108187
900,2.27048691740511
900,2.29247684155234
900,2.34610224203904
900,2.3448944902368
900,2.40622897399494
900,2.37537272243695
900,2.31097488855009
900,2.33570953015398
900,2.23192168457565
900,2.3397136143338
900,2.31407516856094
900,2.25537822955035
900,2.25217502728861
900,2.38534852477693
900,2.43468724510837
900,2.20180648137365
900,2.39495850047835
900,2.29733570145616
900,2.4184226484175
900,2.23793051061495
900,2.35718205976896
900,2.35188393121036
900,2.28655195635669
900,2.32165933884011
900,2.3731966007985
900,2.25273707872452
900,2.35124027860952
900,2.34456823880592
900,2.37758097130102
900,2.33091749277884
900,2.23765355194598
900,2.2540376085583
900,2.35802370655552
900,2.36234449057697
900,2.31369375668219
1000,2.40610985281663
1000,2.40491053078842
1000,2.39611979519859
1000,2.45705869243275
1000,2.36158138919069
1000,2.43266469649148
1000,2.38530799951
1000,2.41487611420747
1000,2.44138292148285
1000,2.43143758548423
1000,2.46324470985013
1000,2.45506629516307
1000,2.40018501709549
1000,2.41089702748123
1000,2.4430761413457
1000,2.45557941927574
1000,2.38354493382556
1000,2.3684484954188
1000,2.36279615711528
1000,2.36916221199722
1000,2.53533906593444
1000,2.40568083140977
1000,2.42791018447774
1000,2.37592798515893
1000,2.39565998957397
1000,2.47943128469578
1000,2.46889754963072
1000,2.42519773826539
1000,2.44318279472885
1000,2.49154074960284
1000,2.48626174494521
1000,2.3819293098885
1000,2.50793329236603
1000,2.32573209747646
1000,2.46042892651256
1000,2.37945647369647
1000,2.43685576162514
1000,2.39998891591148
1000,2.42833172212613
1000,2.41060066737264
1000,2.45328190840171
1000,2.40762935403083
1000,2.44430439362708
1000,2.44982024052699
1000,2.37581900372912
1000,2.45468363900638
1000,2.3807550622953
1000,2.47379824910698
1000,2.45952255999101
1000,2.43623591840084
1000,2.36192216454434
1000,2.41350464850293
1000,2.36585825017611
1000,2.43169201551748
1000,2.42395703408683
1000,2.35779204333025
1000,2.49516135734678
1000,2.43115057393728
1000,2.41447799856382
1000,2.34070334074078
1000,2.40789128864808
1000,2.33395820296087
1000,2.36239740943857
1000,2.32922807811674
1000,2.4057819307766
1000,2.39393917818983
1000,2.41399491055296
1000,2.39640860639372
1000,2.42166789401468
1000,2.47549188600746
1000,2.40826512281911
1000,2.44376428127514
1000,2.40724581109478
1000,2.37519516416332
1000,2.38836687195019
1000,2.36841928174091
1000,2.36679177306951
1000,2.3646531367478
1000,2.47076914709849
1000,2.43941383005871
1000,2.45640791170471
1000,2.52352148633439
1000,2.43626628449853
1000,2.44536606592358
1000,2.36845286519364
1000,2.39328621767678
1000,2.4851507769138
1000,2.42771358260168
1000,2.43220668294666
1000,2.51235510746098
1000,2.36506606840106
1000,2.43094596461136
1000,2.43337355339438
1000,2.38810457591781
1000,2.38868816119318
1000,2.46907408442981
1000,2.39710691195896
1000,2.42764007802451
1000,2.54113153306676
1000,2.41236262600982
1500,2.75623203367028
1500,2.63173351710837
1500,2.7507226629113
1500,2.61174974445654
1500,2.71053108241802
1500,2.70666336849241
1500,2.74839357565236
1500,2.68062811574934
1500,2.75882409571091
1500,2.64347932478512
1500,2.8191419860486
1500,2.71992095755344
1500,2.73086448574133
1500,2.68405255136955
1500,2.74640438284129
1500,2.60944078054276
1500,2.67441789785575
1500,2.76779076291531
1500,2.73573764689781
1500,2.69983958905934
1500,2.72362861552703
1500,2.69648608377981
1500,2.78701346972958
1500,2.76687712729901
1500,2.76761819469694
1500,2.75577000554306
1500,2.69494622022131
1500,2.79329242455722
1500,2.69273455651251
1500,2.69965252507258
1500,2.69843507429378
1500,2.71163652740196
1500,2.72979704895921
1500,2.7305585775817
1500,2.74191395888392
1500,2.7310682367721
1500,2.78075296556095
1500,2.71678699474937
1500,2.73977247945811
1500,2.74740328416777
1500,2.77231660967749
1500,2.7189360439531
1500,2.70178472946074
1500,2.68521184082075
1500,2.73217721910726
1500,2.71820418526359
1500,2.74556181074943
1500,2.67520548755173
1500,2.81826844737879
1500,2.73386097371531
1500,2.83264966135407
1500,2.62757179947755
1500,2.82459874759978
1500,2.79772420091467
1500,2.7461484053022
1500,2.76586835777693
1500,2.7094262702847
1500,2.81618248099308
1500,2.69117469562543
1500,2.81072123558158
1500,2.75379991743377
1500,2.70470525791719
1500,2.67931403105487
1500,2.74638969462461
1500,2.70108439606903
1500,2.71966717535027
1500,2.71078447464544
1500,2.82532990922425
1500,2.71494932306255
1500,2.72666119005687
1500,2.76264812143571
1500,2.68012394712484
1500,2.64561766645225
1500,2.66865144625343
1500,2.68301508621732
1500,2.76250678288956
1500,2.75490652707346
1500,2.63531547378191
1500,2.72808914058299
1500,2.66228583941503
1500,2.60693143707851
1500,2.61231334210115
1500,2.6635795523554
1500,2.71449049485625
1500,2.70674058318978
1500,2.67158781826026
1500,2.65146276936616
1500,2.64121932875034
1500,2.66073534282314
1500,2.75475393216149
1500,2.61996286339288
1500,2.77358923402308
1500,2.67436030054395
1500,2.7269087826932
1500,2.69091994550391
1500,2.63672030198737
1500,2.6940292317444
1500,2.71821267068945
1500,2.74040385549895
1500,2.64233764306465
2000,2.9983874401213
2000,2.88744151980205
2000,2.8875804212655
2000,2.87998124798956
2000,2.93033808187064
2000,2.95249558487764
2000,2.92830160089717
2000,3.01886714177514
2000,2.92916595382257
2000,2.87947369453346
2000,2.89097214260666
2000,2.95576414610671
2000,2.91593706454537
2000,2.95605116035471
2000,2.89217753337447
2000,2.98628377495277
2000,2.9346499313085
2000,2.9554790977319
2000,2.89162613218454
2000,2.83675820153831
2000,2.91642180617611
2000,2.89232659467166
2000,2.84432102463384
2000,2.94768484879722
2000,2.9911818205072
2000,2.96987676877021
2000,2.96328740417919
2000,2.95638009804732
2000,2.95657313136912
2000,2.89262190519873
2000,3.04224622910941
2000,2.9750275980013
2000,2.91420574124927
2000,2.95015262878723
2000,2.95876143827141
2000,3.03812367316857
2000,2.95629021552619
2000,2.97181576847934
2000,2.9617255246173
2000,2.96458574188196
2000,2.90368631960167
2000,2.95876840248207
2000,2.89580485970408
2000,2.89384754847434
2000,2.94624852201812
2000,3.03401044649402
2000,2.97987748440701
2000,2.87062270493967
2000,2.98502670810415
2000,2.93152555712852
2000,2.92580141685721
2000,3.008885414904
2000,2.91505017646607
2000,2.98340265473575
2000,2.90634384087824
2000,2.95019621117483
2000,2.9392987990988
2000,2.97114876349878
2000,2.93027820908392
2000,2.95782228985949
2000,2.97696512748098
2000,3.02478358507754
2000,2.9843097548064
2000,2.89383302755229
2000,2.96227342808444
2000,2.94251980453993
2000,2.98662546516523
2000,3.0011586816296
2000,2.93137051513383
2000,2.85972071355657
2000,2.92608754361138
2000,2.89635438267003
2000,2.85669415773968
2000,2.93613282752977
2000,2.97326189210255
2000,2.88244070891953
2000,2.94008788792054
2000,2.89049763638363
2000,2.93715401595202
2000,2.90896542431005
2000,2.9529237629293
2000,2.88419098588671
2000,2.94962850881379
2000,2.94297003095585
2000,3.02187759960544
2000,2.91988224865571
2000,2.90040383617072
2000,2.92383007689401
2000,3.0233588346725
2000,3.01358962912853
2000,2.9006327521451
2000,2.86912220166208
2000,2.91476018686963
2000,2.98148050109266
2000,3.03219601939645
2000,2.94021170135512
2000,2.96462099557416
2000,2.91823036833652
2000,2.85949586351061
2000,2.93016854118695
2500,3.12592961509478
2500,3.12717998708603
2500,3.17272364832657
2500,3.11868278220989
2500,3.1170133051869
2500,3.0511860990489
2500,3.06436145439978
2500,3.07595892585336
2500,3.08708278826427
2500,3.09284127132065
2500,3.08796945608983
2500,3.10795070136332
2500,3.09874207125352
2500,3.05307442597965
2500,3.08979723822627
2500,3.1331068983439
2500,3.11864293376936
2500,3.08503632478684
2500,3.15275598303693
2500,3.07819888907172
2500,3.14042819923222
2500,3.1472092611186
2500,3.02995986070154
2500,3.07608663387113
2500,3.05873304907993
2500,3.16013025253176
2500,3.07300193625593
2500,3.20466732429932
2500,3.12797937256032
2500,3.11209898363884
2500,3.06676979984359
2500,3.11315006161153
2500,3.07689052208775
2500,3.19971243512676
2500,3.23080889290217
2500,3.02537148801058
2500,3.16976620487944
2500,3.06695814471438
2500,3.10800546184767
2500,3.14778608598309
2500,3.07385663564751
2500,3.15499897807744
2500,3.12691749092288
2500,3.14606613929644
2500,3.11396720343376
2500,3.11049624839796
2500,3.13082287272576
2500,3.06552774412995
2500,3.15021927435669
2500,3.10684120977966
2500,3.09215983827986
2500,3.08951635665718
2500,3.03329694949088
2500,3.03157803841052
2500,3.09781688017329
2500,3.20555959777493
2500,3.19959949600168
2500,3.08948929691069
2500,3.11677558479761
2500,3.07155967700853
2500,3.07022640028176
2500,3.17994716776219
2500,3.02053828936244
2500,3.09100813171819
2500,3.06934521199851
2500,3.14843094882304
2500,3.14630041782387
2500,3.11453127243472
2500,3.05391278334063
2500,3.14898917095975
2500,3.0934769685754
2500,3.12781415803773
2500,3.13278886168295
2500,3.03308952659822
2500,3.11837792858501
2500,3.10554730183004
2500,3.10121592611402
2500,3.1499617426971
2500,3.10257264073803
2500,3.09475114959709
2500,3.07854370656148
2500,3.1876274934157
2500,3.10830511080653
2500,3.09200841905544
2500,3.0272912143022
2500,3.11169310981586
2500,3.07740649089871
2500,3.11202584666612
2500,3.09701094644076
2500,3.14888840460196
2500,3.12283419325589
2500,3.06661219789325
2500,3.08635651685792
2500,3.1925458023775
2500,3.13484473519345
2500,3.15190767596691
2500,3.08975344737186
2500,3.14838960900439
2500,3.11220064360704
2500,3.15302761541024
3000,3.19888839846774
3000,3.20247271136946
3000,3.26530121840182
3000,3.24117172908539
3000,3.27488390644375
3000,3.25997662271535
3000,3.31205452736784
3000,3.25044175494472
3000,3.23823859546397
3000,3.29057795337786
3000,3.25235516812185
3000,3.26002628753958
3000,3.2499357719919
3000,3.23040972350806
3000,3.2337613596695
3000,3.23856123063205
3000,3.28961361623451
3000,3.26150549091905
3000,3.24386135598111
3000,3.174647562833
3000,3.25928352622059
3000,3.24496462146345
3000,3.26443797532949
3000,3.2137522126194
3000,3.23094831832248
3000,3.3188770070864
3000,3.20949832109476
3000,3.25286814576257
3000,3.20369750091695
3000,3.28713109376513
3000,3.24221123632538
3000,3.18605513219352
3000,3.24721256071199
3000,3.24145622398531
3000,3.30987684567655
3000,3.2759723508491
3000,3.24270850420927
3000,3.27384383370949
3000,3.20252666408904
3000,3.24306867533676
3000,3.24472072214838
3000,3.23992894527984
3000,3.2513848737346
3000,3.2300687181754
3000,3.26301276204722
3000,3.207880409168
3000,3.24860267710755
3000,3.22854100035996
3000,3.2453074608824
3000,3.23296668394181
3000,3.23883741298935
3000,3.27064594021594
3000,3.17076876347151
3000,3.24127573918606
3000,3.25374015571715
3000,3.19784027236194
3000,3.25547836620636
3000,3.27327491944251
3000,3.2527698382403
3000,3.20679888319883
3000,3.2533228765884
3000,3.27374311613696
3000,3.36022611094905
3000,3.25000595044399
3000,3.31387087340373
3000,3.27770800506184
3000,3.28742063023984
3000,3.27540224543609
3000,3.20952968819009
3000,3.27914918487318
3000,3.23265061444694
3000,3.29986521680309
3000,3.20118155555998
3000,3.22101497608283
3000,3.23992445196145
3000,3.32193803194189
3000,3.27813775254179
3000,3.23695816456462
3000,3.23275799996571
3000,3.2040431774214
3000,3.25063304415845
3000,3.21464158401708
3000,3.22956477238925
3000,3.31918550246225
3000,3.18595405887367
3000,3.25724847249404
3000,3.22460100393165
3000,3.22990409947922
3000,3.28280432352959
3000,3.28532488129747
3000,3.29353206626642
3000,3.20044021050084
3000,3.22704562446043
3000,3.30277599306868
3000,3.24652830032444
3000,3.24729373758609
3000,3.21187452150637
3000,3.20002793170925
3000,3.26434666311452
3000,3.2845734011144
4000,3.52844792763022
4000,3.46667100003612
4000,3.51893079281297
4000,3.49877725529679
4000,3.43514492263202
4000,3.43948597735535
4000,3.48377133265049
4000,3.43399218562662
4000,3.52080624308958
4000,3.48938049554898
4000,3.43521897930164
4000,3.49867195670756
4000,3.4625515082583
4000,3.45507619429278
4000,3.46329725603503
4000,3.50966272047996
4000,3.49771842559574
4000,3.44200770718701
4000,3.52880973505806
4000,3.49790895768337
4000,3.46358781183147
4000,3.51926868735553
4000,3.44392846392361
4000,3.44520049629571
4000,3.51816709448547
4000,3.51360965111986
4000,3.47594459708428
4000,3.46436585112602
4000,3.49070450048774
4000,3.43181551400272
4000,3.47914875631154
4000,3.47250103789342
4000,3.44591308299043
4000,3.53052736696344
4000,3.4329086757617
4000,3.46248564907877
4000,3.47388364870523
4000,3.46285919178072
4000,3.47722340037243
4000,3.47082147277609
4000,3.50472224918265
4000,3.44593466973587
4000,3.40314913634967
4000,3.46781907957813
4000,3.53633346520458
4000,3.48264693782685
4000,3.50518802391574
4000,3.54109159829778
4000,3.54447891731879
4000,3.45266570480698
4000,3.44129510333647
4000,3.45612204518584
4000,3.47993617823824
4000,3.46538436670557
4000,3.41562001909174
4000,3.46011480103899
4000,3.47890343123371
4000,3.43458067434862
4000,3.4814557842423
4000,3.46548197975295
4000,3.43240426804317
4000,3.51155178801452
4000,3.43708075750956
4000,3.48423879933229
4000,3.50076497312069
4000,3.49980506709112
4000,3.44199484754564
4000,3.51555974424123
4000,3.41686441587083
4000,3.44889286161516
4000,3.52878483302626
4000,3.43723833263013
4000,3.43437498245458
4000,3.48251405291568
4000,3.50233383852826
4000,3.42882951096368
4000,3.4957345511016
4000,3.45780431465013
4000,3.46009478737034
4000,3.46130962556923
4000,3.47239594349643
4000,3.46457548796353
4000,3.4870397486636
4000,3.48840677341879
4000,3.44590246811267
4000,3.54359957414421
4000,3.42828212857969
4000,3.49991955683913
4000,3.33997083328497
4000,3.47971315517184
4000,3.41131644834227
4000,3.52991519397211
4000,3.42806970297026
4000,3.47740672620111
4000,3.45954717431639
4000,3.44324214513163
4000,3.45834158940513
4000,3.44215379240994
4000,3.45564341949128
4000,3.46082489830699
5000,3.65787380981982
5000,3.6266711704005
5000,3.61841298823656
5000,3.64243287148086
5000,3.69612165204954
5000,3.62873361981127
5000,3.61402239465732
5000,3.58552828703692
5000,3.6480165005936
5000,3.61728060799135
5000,3.58659120387367
5000,3.63590032191022
5000,3.61682910149874
5000,3.64417840718075
5000,3.59578315439652
5000,3.56500141173861
5000,3.63525832581949
5000,3.66276004474981
5000,3.62569243167562
5000,3.59934251969506
5000,3.55335547017923
5000,3.64118227961225
5000,3.61292749848448
5000,3.6143195730198
5000,3.71328607472408
5000,3.69244990112645
5000,3.59904240125813
5000,3.56825164008855
5000,3.62852838015424
5000,3.63404760615218
5000,3.63928081800214
5000,3.68673672978243
5000,3.64129736544496
5000,3.58746228271814
5000,3.63529425811523
5000,3.60067259568999
5000,3.62174808019405
5000,3.60264624900032
5000,3.62483766572101
5000,3.62488544596939
5000,3.60799503829828
5000,3.62330992614846
5000,3.59805776643598
5000,3.67558838568245
5000,3.6333124015107
5000,3.67249353724408
5000,3.65551709180408
5000,3.66531346176148
5000,3.60051854920773
5000,3.59610609926668
5000,3.62401607007098
5000,3.69110111032112
5000,3.59374977155592
5000,3.60273701666823
5000,3.6484954440343
5000,3.63198700085266
5000,3.62396539587583
5000,3.62980819414036
5000,3.65879427039023
5000,3.6059991592178
5000,3.59169219207221
5000,3.62338095617596
5000,3.61505849856409
5000,3.64154840856779
5000,3.62673820203322
5000,3.67806420158669
5000,3.64295688357632
5000,3.6630799533978
5000,3.64479308925195
5000,3.65267632734088
5000,3.6287060531005
5000,3.63718924116912
5000,3.65144343870936
5000,3.64812499049447
5000,3.60453509462255
5000,3.62962934794635
5000,3.59316856452845
5000,3.63384219829924
5000,3.63517025360937
5000,3.61791466923402
5000,3.66278445682762
5000,3.61712465067225
5000,3.61916522437763
5000,3.6176910581011
5000,3.56559529263105
5000,3.65331188228279
5000,3.64887760273608
5000,3.66339880388821
5000,3.60204909092752
5000,3.70171259516569
5000,3.63894250855717
5000,3.58316950062631
5000,3.58390957490419
5000,3.6694186809058
5000,3.62010930667618
5000,3.60015289338416
5000,3.58005248098491
5000,3.66457044934016
5000,3.67284159996571
5000,3.61123450422232
6000,3.78916001849368
6000,3.77861517109901
6000,3.71776066171265
6000,3.7634703039246
6000,3.76691725973359
6000,3.76500889441953
6000,3.78807845819086
6000,3.76721269183852
6000,3.73503971045911
6000,3.78910952052337
6000,3.73638015032589
6000,3.72367293312169
6000,3.7769673922169
6000,3.7532182383232
6000,3.72882387058321
6000,3.75727971641078
6000,3.76694185809875
6000,3.75676088451326
6000,3.73344690732969
6000,3.81670449686862
6000,3.76431870952063
6000,3.76474433534428
6000,3.75900205449876
6000,3.78205654710311
6000,3.74188330744778
6000,3.79061419321581
6000,3.76459599837469
6000,3.7810994721656
6000,3.76381961116058
6000,3.8154058503533
6000,3.78618640438732
6000,3.73761790070113
6000,3.75048467348092
6000,3.74729425833057
6000,3.71414380152615
6000,3.72170380021832
6000,3.78406251846578
6000,3.7516658882129
6000,3.75479806179047
6000,3.75520490146317
6000,3.75665758606271
6000,3.73803098884372
6000,3.8163923870088
6000,3.76788029589155
6000,3.70514278075674
6000,3.7074757208185
6000,3.72710044981847
6000,3.80529028987407
6000,3.68510720336004
6000,3.78901528001008
6000,3.7324715876917
6000,3.79092466166579
6000,3.72923187464457
6000,3.73614069425989
6000,3.72342097771735
6000,3.77043745597631
6000,3.7811214523623
6000,3.76476182223938
6000,3.73068903771759
6000,3.78214266539368
6000,3.77879281493392
6000,3.76341347431521
6000,3.76784944819285
6000,3.75266986007207
6000,3.76419239052262
6000,3.79071651958247
6000,3.79168734662735
6000,3.72878274125431
6000,3.76078811772779
6000,3.75621871095596
6000,3.72332823867659
6000,3.73843128118458
6000,3.77307008404961
6000,3.73199657189453
6000,3.72348165562377
6000,3.76481391657574
6000,3.70910544623941
6000,3.78089817365592
6000,3.7397194822212
6000,3.78108017262717
6000,3.73413468391996
6000,3.75605910964008
6000,3.76215156398681
6000,3.74769482499918
6000,3.78665847890699
6000,3.71198405782776
6000,3.74081474845578
6000,3.7638275988298
6000,3.76763487301518
6000,3.78117794055809
6000,3.74541025328719
6000,3.77153230451243
6000,3.77619155265334
6000,3.74034442347319
6000,3.79259815556867
6000,3.77895350677599
6000,3.74603803311929
6000,3.79066617581908
6000,3.73780180702117
6000,3.77955370805736
7000,3.85323396859615
7000,3.82188791813054
7000,3.8284315842805
7000,3.83334569295105
7000,3.85353249482653
7000,3.89979154694079
7000,3.8740123633889
7000,3.86498363300564
7000,3.88148470703507
7000,3.89159723860812
7000,3.84859121854506
7000,3.89154576062794
7000,3.82949318643281
7000,3.8411858407442
7000,3.85462992362955
7000,3.83915988274587
7000,3.85524536383499
7000,3.84389282226449
7000,3.85456420209365
7000,3.82522689599505
7000,3.83001358755245
7000,3.84629166836048
7000,3.87323867288724
7000,3.85350244502197
7000,3.8224873310308
7000,3.88254416175718
7000,3.86449538600944
7000,3.88972151557374
7000,3.85858453230993
7000,3.83332427839523
7000,3.82366938533819
7000,3.8643435606478
7000,3.88446239296353
7000,3.83647369530153
7000,3.85692752520182
7000,3.86137232418411
7000,3.83188199035614
7000,3.86275894575294
7000,3.86638750030785
7000,3.84573634148528
7000,3.84632880714362
7000,3.8455235063475
7000,3.85686734146913
7000,3.8438379013043
7000,3.86651266857329
7000,3.81890406452384
7000,3.81811826602215
7000,3.86298275631712
7000,3.84892528764678
7000,3.8747718897225
7000,3.83099442273847
7000,3.88404848778058
7000,3.7929905468247
7000,3.8201275408757
7000,3.85506320433872
7000,3.84188779331398
7000,3.84687944565707
7000,3.86518777167021
7000,3.88627854634835
7000,3.85131945094235
7000,3.84326477156063
7000,3.86668729902313
7000,3.84830448537181
7000,3.87365610104927
7000,3.89052454395639
7000,3.87980977577684
7000,3.8119202577285
7000,3.86914759741326
7000,3.85615383229842
7000,3.83410152939632
7000,3.86353421811747
7000,3.82196785477427
7000,3.8458544689568
7000,3.83294544692344
7000,3.81990259042124
7000,3.87052228965819
7000,3.88854678327356
7000,3.86284342146373
7000,3.86583507883412
7000,3.82159322380709
7000,3.87554624826072
7000,3.85526686211151
7000,3.88989087837142
7000,3.91090122201836
7000,3.81582821492449
7000,3.84266843037732
7000,3.86759185162537
7000,3.80877168144951
7000,3.87360752645412
7000,3.83893069928775
7000,3.87541373695591
7000,3.85963968348039
7000,3.86563486018937
7000,3.85205658201595
7000,3.89511090581853
7000,3.86712835323868
7000,3.85655344425581
7000,3.86385465487838
7000,3.87445679201167
7000,3.83488829111667
8000,3.95615865313976
8000,3.9206857230733
8000,3.93551394702488
8000,3.93589855731297
8000,3.93407033854576
8000,3.90695756798446
8000,3.92080885203961
8000,3.94756601548677
8000,3.9605432686909
8000,3.9121044905591
8000,3.92684236309465
8000,3.94728895354717
8000,3.98094397993736
8000,3.93850081408927
8000,3.93090168908527
8000,3.93663736231784
8000,3.96546286034523
8000,3.93219116766098
8000,3.93491158975307
8000,3.99552591006947
8000,3.89259343418538
8000,3.92172721922342
8000,3.93096004407219
8000,3.95620864155616
8000,3.94316175647381
8000,3.95493883425624
8000,3.92167476128155
8000,3.90232690268711
8000,3.95650457429018
8000,3.93413577226709
8000,3.95371047515618
8000,3.92297250691891
8000,3.96160048782624
8000,3.96578042294273
8000,3.9090413475501
8000,3.89949394175458
8000,3.92695867759656
8000,3.96355521168803
8000,3.9371878004035
8000,3.95414646627013
8000,3.90763732914594
8000,3.90915811625708
8000,3.91005424392884
8000,3.91918129790045
8000,3.92367290354168
8000,3.95685721195928
8000,3.94882263965231
8000,3.97255333106019
8000,3.94456644420257
8000,3.9091032401066
8000,3.92713075746555
8000,3.93977720302347
8000,3.92161773967745
8000,3.92940349516409
8000,3.90804260888244
8000,3.9551304168931
8000,3.95449844386533
8000,3.94722612522723
8000,3.90261400447342
8000,3.95351896343948
8000,3.95344157951588
8000,3.94636260389034
8000,3.95998080722766
8000,3.93872446956348
8000,3.96324155040142
8000,3.94058690796219
8000,3.93741395303647
8000,3.96736246295987
8000,3.94017058895877
8000,3.94356732118194
8000,3.9410661796876
8000,3.9354874703691
8000,3.9236400333061
8000,3.96026725579634
8000,3.95689193658105
8000,3.93232867293514
8000,3.91004456115237
8000,3.89905644706332
8000,3.93559220588178
8000,3.92801056384601
8000,3.91978494260438
8000,3.95994539577128
8000,3.91460223081402
8000,3.90852302713456
8000,3.92717282822583
8000,3.91938757288019
8000,3.90695303899763
8000,3.93445686201617
8000,3.97598549621415
8000,3.9237635216818
8000,3.91371548199885
8000,3.9339799515463
8000,3.93664831105073
8000,3.94295564480398
8000,3.97636013029452
8000,3.91294401901652
8000,3.92628875309699
8000,3.9801680059719
8000,3.93599139129314
8000,3.9574693557058
9000,4.01093875910175
9000,3.99361710671749
9000,3.9814843902642
9000,4.00940475817894
9000,4.02395471240258
9000,3.99485679591921
9000,3.97913690210871
9000,4.01687365952972
9000,3.98350844107035
9000,3.99704582975115
9000,4.02764205588238
9000,4.01109386590804
9000,4.01749199979802
9000,3.96058290684484
9000,3.99072293709329
9000,3.98749120099853
9000,4.00132919481432
9000,3.96851051046645
9000,3.98356271806842
9000,4.02042836349687
9000,3.9600492294146
9000,3.96294050188891
9000,3.98488131090953
9000,4.01684687608595
9000,3.98541152668121
9000,3.99363231721506
9000,4.01043797148973
9000,4.00111128561216
9000,3.97215930131167
9000,4.02314352036802
9000,4.02067615997118
9000,3.97922948489295
9000,4.02140949190614
9000,3.99184717348868
9000,4.01413475373807
9000,3.98884635565645
9000,4.00574201067909
9000,4.01241252393939
9000,4.00125517370096
9000,3.99845524613442
9000,3.98571703585462
9000,3.99557537356415
9000,4.0148283772468
9000,3.99491891072824
9000,4.02900113778274
9000,4.0118427656831
9000,4.00114258449177
9000,4.01109204725709
9000,3.99334761680638
9000,3.99452099246372
9000,4.0187873456593
9000,3.99523136576822
9000,4.00055132681848
9000,4.02155154841744
9000,4.00964712230087
9000,4.01612404492212
9000,4.01779819832366
9000,4.00821398007871
9000,3.98690267056991
9000,3.9718599013596
9000,3.99696117344219
9000,4.01248925792949
9000,3.99104711050733
9000,3.97775649645359
9000,4.02654226410218
9000,4.00986283094511
9000,3.9738455502074
9000,4.01850224747258
9000,3.98676406047546
9000,4.00047042870046
9000,4.04782029756426
9000,4.01108845860623
9000,4.01076497687957
9000,3.97722654412061
9000,4.00244122476335
9000,4.01831240299653
9000,4.01442896752215
9000,3.94859127580829
9000,3.99808548847544
9000,3.99626124009255
9000,3.98564489275097
9000,3.99790709340552
9000,4.03698736531063
9000,3.99159567601597
9000,4.00086629054831
9000,4.03096176255789
9000,3.99424417581148
9000,3.99935735864312
9000,4.02092909431947
9000,4.0088505839456
9000,4.01196327663142
9000,4.01114185541082
9000,3.9728457001106
9000,4.00673952497966
9000,4.0040418395813
9000,3.99827413683097
9000,3.98705788003683
9000,4.0188433766687
9000,3.98953197918778
9000,4.02987826626132
10000,4.04513376117426
10000,4.06743038738006
10000,4.06444036588627
10000,4.06397965467891
10000,4.0556099519448
10000,4.04536883247518
10000,4.08273443493981
10000,4.04985330577198
10000,4.05229739194266
10000,4.05479047762118
10000,4.05190367731302
10000,4.06019145710772
10000,4.04291657476787
10000,4.05195563501885
10000,4.07062093179947
10000,4.05639730653453
10000,4.0492421132333
10000,4.08978142777536
10000,4.04109069053671
10000,4.0857391805842
10000,4.07077713911545
10000,4.04563366618394
10000,4.07919307280331
10000,4.05684466799157
10000,4.08490692176779
10000,4.06792976135832
10000,4.06724841412749
10000,4.09452256223463
10000,4.06562194287951
10000,4.0602532880606
10000,4.02226092607154
10000,4.10377926642675
10000,4.06850447796921
10000,4.01636345705078
10000,4.07076729872213
10000,4.04888455129027
10000,4.04052603868192
10000,4.10932120080794
10000,4.03926261337905
10000,4.05417254638292
10000,4.07338368208547
10000,4.06076721676819
10000,4.04828440526463
10000,4.04899854602045
10000,4.05018476146213
10000,4.05716352863349
10000,4.07876479703904
10000,4.06103500583105
10000,4.05749711181048
10000,4.05961935500105
10000,4.0655410536031
10000,4.07949689824865
10000,4.0856530436728
10000,4.07266039782501
10000,4.09262909414957
10000,4.0731894639336
10000,4.05602683780442
10000,4.08518183008579
10000,4.06080255494157
10000,4.05199483211227
10000,4.07538776062812
10000,4.05864208816476
10000,4.05104293616551
10000,4.05742984871338
10000,4.0665373228046
10000,4.04783159910191
10000,4.06571122859541
10000,4.05436219663429
10000,4.06467250245681
10000,4.06835899766922
10000,4.08089152654753
10000,4.0770590671509
10000,4.03895271179182
10000,4.05732557753855
10000,4.05042491433918
10000,4.03619398946964
10000,4.05379229380242
10000,4.06869670053693
10000,4.06625035704343
10000,4.06755361393958
10000,4.06450405420303
10000,4.09316960541262
10000,4.06722895757258
10000,4.05771574161492
10000,4.04956005993972
10000,4.06162432221838
10000,4.03045432299205
10000,4.06678988172202
10000,4.07336419832867
10000,4.07730598874507
10000,4.06458708515663
10000,4.03735256620568
10000,4.04577102373182
10000,4.07972793235429
10000,4.08198746669063
10000,4.05210923093045
10000,4.06565903694904
10000,4.0759618537237
10000,4.06338800091427
10000,4.06689883670544
12000,4.15046218431999
12000,4.1583888287952
12000,4.15681515369657
12000,4.13373768773263
12000,4.14592803818259
12000,4.15430279334284
12000,4.16174138582319
12000,4.1598262317135
12000,4.16502953076819
12000,4.16117001688797
12000,4.13930983856398
12000,4.16436613905862
12000,4.16660662625205
12000,4.15027508712905
12000,4.1492616691833
12000,4.15349895142433
12000,4.14232431809232
12000,4.16606708883463
12000,4.14993426616983
12000,4.13130634990684
12000,4.13980127617925
12000,4.15819429545181
12000,4.11886284949833
12000,4.14584049215742
12000,4.14652311284264
12000,4.17324660451993
12000,4.15055713392606
12000,4.16947158872255
12000,4.16397209251556
12000,4.15641132900191
12000,4.15545107745541
12000,4.15620428338695
12000,4.15604143947239
12000,4.1592895289447
12000,4.16023330196145
12000,4.15997568869572
12000,4.15825689062833
12000,4.1659394894367
12000,4.1354808620313
12000,4.15912941628893
12000,4.16570771778502
12000,4.14998718382132
12000,4.13972302262547
12000,4.15595734545409
12000,4.16658162200829
12000,4.14468932789372
12000,4.14917749768842
12000,4.15836989681629
12000,4.15243850427849
12000,4.14017661786495
12000,4.15811320521193
12000,4.15462550009521
12000,4.14708963261607
12000,4.159458962977
12000,4.15849117219184
12000,4.15175192940275
12000,4.15517213261072
12000,4.15446194676483
12000,4.14610107878511
12000,4.14299121430811
12000,4.16263187765148
12000,4.17033994917402
12000,4.15699236493229
12000,4.15034717194281
12000,4.15456144661143
12000,4.15766744770176
12000,4.15686492089371
12000,4.15492283799743
12000,4.17986126055167
12000,4.17336804640254
12000,4.12601441963189
12000,4.15680005288757
12000,4.14564480060086
12000,4.15725775409357
12000,4.16189350266937
12000,4.16754627384119
12000,4.15209224404501
12000,4.17293690190853
12000,4.16876187224079
12000,4.16194528305069
12000,4.15699926326163
12000,4.16456674705239
12000,4.16123538906381
12000,4.17451378411618
12000,4.15610584204004
12000,4.14792523211152
12000,4.1625925953434
12000,4.15259577555344
12000,4.14624555304092
12000,4.15244834397356
12000,4.16525703118883
12000,4.16684041872883
12000,4.16995573048276
12000,4.1481311308543
12000,4.16434682177143
12000,4.16206908820812
12000,4.14359513219943
12000,4.1481790857247
12000,4.1647765953639
12000,4.13571536299077
14000,4.22211962351941
14000,4.22934794888224
14000,4.23298400853474
14000,4.2284254558278
14000,4.2316940780833
14000,4.23256889123687
14000,4.22863258142741
14000,4.2305739802872
14000,4.22645968634409
14000,4.21859127536939
14000,4.23590790503622
14000,4.22503264559446
14000,4.22498516545647
14000,4.23494386402251
14000,4.23008523171169
14000,4.22682171201603
14000,4.22711634939763
14000,4.22293869511054
14000,4.21924209761057
14000,4.22923455058253
14000,4.22863777180233
14000,4.2327213514555
14000,4.23334638392697
14000,4.21845165129543
14000,4.22388981502872
14000,4.23319183260055
14000,4.2364634351359
14000,4.21869938937527
14000,4.22465436577629
14000,4.23100013770429
14000,4.22217041511142
14000,4.23472345028861
14000,4.22842322776687
14000,4.23224487019959
14000,4.23072407735859
14000,4.22486757873084
14000,4.23194707396906
14000,4.22562168646193
14000,4.22620968329769
14000,4.23191983207338
14000,4.21702043236789
14000,4.21937776225192
14000,4.23347653847213
14000,4.22052997088147
14000,4.22583036229593
14000,4.23345558567308
14000,4.22346669937655
14000,4.22158472131943
14000,4.22760466353169
14000,4.23324733968551
14000,4.22112885262588
14000,4.22544303784504
14000,4.2216686125948
14000,4.22819089054188
14000,4.23638241999151
14000,4.23209459949126
14000,4.22981232274585
14000,4.23003252556703
14000,4.22732369728306
14000,4.22371392649105
14000,4.23327252160931
14000,4.22803720155709
14000,4.224827305769
14000,4.21699060565771
14000,4.22955808794147
14000,4.22812806100233
14000,4.23684884510757
14000,4.23432798069981
14000,4.23070448501432
14000,4.22381950626806
14000,4.2265055589602
14000,4.23523658392141
14000,4.22682798360321
14000,4.23118646661437
14000,4.22838501369592
14000,4.22714752830433
14000,4.22567756350707
14000,4.22764145323247
14000,4.22803612905246
14000,4.22880566126016
14000,4.22660794402999
14000,4.22997582471124
14000,4.22923181766571
14000,4.22182433172288
14000,4.22679941887041
14000,4.2281644000536
14000,4.22781786175964
14000,4.22022139760521
14000,4.23138918408415
14000,4.22384599821681
14000,4.22946923063171
14000,4.23428910074004
14000,4.22915010433782
14000,4.22743701553659
14000,4.22450679447487
14000,4.21878547255175
14000,4.22990151413499
14000,4.22317239056053
14000,4.22648394645395
14000,4.21537444109455
